<?xml version="1.0" encoding="ISO-8859-1" ?>

<!DOCTYPE struts-config PUBLIC
     "-//Apache Software Foundation//DTD Struts Configuration 1.1//EN"
     "http://jakarta.apache.org/struts/dtds/struts-config_1_1.dtd">

<struts-config>
  <!-- ======== Form Bean Definitions =================================== -->
  <form-beans>
    <form-bean name="CustomerForm" type="com.appperfect.petstore.create.customer.CustomerForm"/>
    <form-bean name="LoginForm" type="com.appperfect.petstore.create.customer.LoginForm"/>
	<form-bean name="CheckForm" type="com.appperfect.petstore.create.customer.CheckForm"/>
	<form-bean name="EditForm" type="com.appperfect.petstore.create.customer.EditForm"/>
	<form-bean name="ShippingForm" type="com.appperfect.petstore.create.customer.ShippingForm"/>
  </form-beans>

 <!-- ========== Action Mapping Definitions ============================== -->
	<action-mappings>
		<action  path   = "/createnewuser"
			type   = "com.appperfect.petstore.create.customer.CreateAction"
			name   = "CustomerForm"
	        scope   = "request"
	        validate = "true"
	        input   = "/create_customer.jsp">
			<forward name="Done" path="/forward.jsp" />
		</action>
		<action  path   = "/shippinginfo"
	        type   = "com.appperfect.petstore.create.customer.ShippingAction"
	        name   = "ShippingForm"
	        scope   = "request"
	        validate = "true"
	        input   = "/order.jsp">
			<forward name="Done" path="orderconfirm" />
		</action>
		<action  path   = "/editinfo"
	        type   = "com.appperfect.petstore.create.customer.EditAction"
	        name   = "EditForm"
	        scope   = "request"
	        validate = "true"
	        input   = "/accountinf.jsp">
			<forward name="Done" path="/forward.jsp" />
  		</action>
  		<action  path   = "/checkuserpass"
			type   = "com.appperfect.petstore.create.customer.CreateLoginAction"
			name   = "LoginForm"
			scope   = "request"
			validate = "true"
			input   = "/newLogin.jsp">
			<forward name="DoneLogin" path="/gotocreate.do" />
  		</action>
  		<action  path   = "/checkhimout"
        	type   = "com.appperfect.petstore.create.customer.CreateCheckAction"
        	name   = "CheckForm"
        	scope   = "request"
        	validate = "true"
        	input   = "/newLogin.jsp">
			<forward name="validated" path="/forward.jsp" />
  		</action>
  		<action  path   = "/gotocreate"
			type ="com.appperfect.petstore.create.customer.ForwardAction">
			<forward name="success" path="/create_customer.jsp" />
  		</action>

		<action path="/mainscreen" forward="mainwindow"/>
		<action path="/selection" forward="selection"/>
		<action path="/addtocart" forward="addtocart"/>
		<action path="/accountinf" forward="accountinf"/>
		<action path="/newLogin" forward="newLogin"/>
		<action path="/signout" forward="signout"/>
		<action path="/accinformation" forward="accinformation"/>
  		<action path="/accountinf" forward="accountinf"/>
		<action path="/order" forward="order"/>
  		<action path="/signoutscreen" forward="signoutscreen"/>
  	</action-mappings>
 

	 <!-- ========== Message Resources Definitions =========================== -->
	 <message-resources  parameter="properties.Application"/>


	<plug-in className="org.apache.struts.tiles.TilesPlugin" >
	    <set-property property="definitions-config" value="/WEB-INF/tiles-defs.xml" />
    	<set-property property="moduleAware" value="true" />
    	<set-property property="definitions-parser-validate" value="true" />
  	</plug-in>

	<!-- end comment if struts1.0.x -->
	<plug-in className="org.apache.struts.validator.ValidatorPlugIn">
		<set-property property="pathnames" value="/WEB-INF/validator-rules.xml,/WEB-INF/validation.xml"/>
	</plug-in>
</struts-config>