<?xml version="1.0" encoding="ISO-8859-1" ?>

 <!DOCTYPE tiles-definitions PUBLIC
       "-//Apache Software Foundation//DTD Tiles Configuration 1.1//EN"
       "http://jakarta.apache.org/struts/dtds/tiles-config_1_1.dtd">

<tiles-definitions>
	<definition name="template" page="/tiles.jsp">
       <put name="title" type="string" value="Welcome to petstore" />
       <put name="banner" value="/banner.jsp" />
       <put name="sidebar" value="/sidebar.jsp" />
		<put name="listbar" value="/listbar.jsp" />
       <put name="footer" value="/footer.jsp" /> 
    </definition>

    <definition name="mainwindow" extends="template">
          <put name="main" value="/main.jsp" />
    </definition> 
    <definition name="mainscreen" extends="template">
          <put name="main" value="/mainscreen.jsp" />
    </definition>    
    <definition name="selection" extends="template">
          <put name="main" value="/selection.jsp" />
    </definition>
    <definition name="addtocart" extends="template">
          <put name="main" value="/addtocart.jsp" />
    </definition>
	<definition name="signout" extends="template">
          <put name="main" value="/signout.jsp" />
    </definition>
	<definition name="order" extends="template">
          <put name="main" value="/order.jsp" />
    </definition>
	<definition name="accountinf" extends="template">
          <put name="main" value="/accountinf.jsp" />
    </definition>
	<definition name="create_customer" extends="template">
          <put name="main" value="/create_customer.jsp" />
    </definition>
    <definition name="orderconfirm" extends="template">
          <put name="main" value="/orderconfirm.jsp" />
    </definition>
    <definition name="accinformation" extends="template">
          <put name="main" value="/accinformation.jsp" />
    </definition>
    <definition name="signoutscreen" extends="template">
          <put name="main" value="/signoutscreen.jsp" />
    </definition>
	
    <definition name="${YOUR_DEFINITION_HERE}">
    </definition>

</tiles-definitions>
